filename,percents,passed
0.4.22--0x387890e71a8b7d79114e5843d6a712ea474ba91c--Arm--.bin,83.33333333333334,True
0.4.22--0x47076d506ad3a99ca56d56605f11d11dbb61bada--DLBAirdrop--.bin,14.285714285714285,True
0.4.22--0x5448340216a21b6ed7130ea9d4c167d64e3c6e21--CDBPToken--.bin,100.0,True
0.4.22--0x8a7f6887571069092b22538353bd8e5c997145d6--EarthToken--.bin,100.0,True
0.4.22--0xb77c2eed081ac5476ee6d1d0fdb994672836a990--UpgradeAgent--.bin,0,False
0.4.22--0xd0c8d1fc39d28a8018a817242613780a472beb9d--TokenERC20--.bin,92.3076923076923,False
0.4.22--0xf192d4a83ffe1f78c469eb4b89ca8557d313bf1a--newCrowdsale--.bin,87.09677419354838,True
0.4.23--0x05956f2f527b2238f35deee7562a9a6ea849657a--UserProxy--.bin,100.0,True
0.4.23--0x160a9f91993f81281127b7144344976cdfe2095b--WinEtherPot10--.bin,100.0,True
0.4.23--0x1680cfdad75da2bb56ded4f36bb9423c86ffa7b7--WTPToken--.bin,95.45454545454545,False
0.4.23--0x1700409822456b17793dc3f331fac153a100aae3--creedexchange--.bin,61.904761904761905,False
0.4.23--0x1f17f951057643baab86bdb299e31f3cb64cee12--TokenVesting--.bin,50.0,True
0.4.23--0x1f88f6b9cf5c81c877f0686cd08de238934e34dc--ASGPresale--.bin,41.30434782608695,False
0.4.23--0x23d33c46f64ef9afec6a19e7ad758e99c87ae129--RequestERC20--.bin,34.48275862068966,False
0.4.23--0x289b03530d0aaba543338205ba8ad3861cec4e3c--SEACASH--.bin,100.0,True
0.4.23--0x29fb8c8065d535b3da6252a18661b59b07e8c538--creedexchange--.bin,61.904761904761905,False
0.4.23--0x3b114b01a9b1280cc8438bad9c899b0ee6cd1d78--BitpascalToken--.bin,100.0,True
0.4.23--0x5d718a744f094ef6ee80f24c72eaa6fb2425c68b--OUTPUTS--.bin,100.0,True
0.4.23--0x5edc3910430ac18506a21e7a8e384087a461cb41--HKDC--.bin,100.0,True
0.4.23--0x7a3d3c4f30c46f51b814bee23d970a7c9b757a32--ASGPresale--.bin,41.30434782608695,False
0.4.23--0x7f7784a3891b9d845547bbd67f3993b9b0dcbb2d--DrewsReviews--.bin,100.0,True
0.4.23--0xa0e9021265f482206475fb5b00ed6ee3b223d6bb--BCBtokens--.bin,88.88888888888889,True
0.4.23--0xa71bb37f2334eaee518f34057a693220835b8d7d--EremitCash--.bin,100.0,True
0.4.23--0xc239B871cBf9c60F022676700663C552a086717D--TelomereToken--.bin,100.0,True
0.4.23--0xd621c53cb24dfb0a8e6d06011c38edf32d49f687--creedexchange--.bin,61.904761904761905,False
0.4.23--0xe3552daa316997d90fcb8e8644c535986408700a--EternalStorageProxyForStormMultisender--.bin,77.77777777777779,True
0.4.24--0x0148ed61ffa8e0da7908a62aa2d1f266688656c4--USDTieredSTOFactory--.bin,44.776119402985074,True
0.4.24--0x01d456e490cf72a09106c2613b872fdf21050049--XERA--.bin,91.66666666666666,False
0.4.24--0x02ffebe131d09f0ffaf607df5a9884cf1902f5f5--ERC20TokenTC--.bin,100.0,True
0.4.24--0x054337fc42496bebdd530805b98e211f73c01105--SPACETokenFundraiser--.bin,100.0,True
0.4.24--0x05F5FC11bcA851eE261e205857e52EA5C830ae88--SPACETokenFundraiser--.bin,100.0,True
0.4.24--0x0608d0d987ca8371af38fa0b6e028760110b987e--DeflatLottoBurn--.bin,77.77777777777779,False
0.4.24--0x08bbde874a84d4053bb8b56a87c968f74d1ded67--NuevaToken--.bin,93.33333333333333,False
0.4.24--0x0C39fb70556e60AE77df0C8fA088F16126a299f5--DollarXCoin--.bin,93.75,False
0.4.24--0x0c6ddae7c72c2b436b46d4d7c71f3529f2616016--GLOBIT--.bin,100.0,True
0.4.24--0x0cb36c6da5575d486224a6b23b307b7e15782429--ToucheWhoeverFrontRanThat--.bin,25.0,True
0.4.24--0x0d380e361f43fa7352ead67dd171fd095e5eb7d0--PoriniDoGoodToken--.bin,88.88888888888889,True
0.4.24--0x113c7f08beca5a0d240e3f13531a6d293c5365e3--ACCTToken--.bin,95.83333333333334,False
0.4.24--0x165be6e29a6b3dd786cf8b1b5d1adab4984d9af2--CoinBtgl--.bin,100.0,True
0.4.24--0x16f0af11d91a2286109eaec764a32631d92404eb--dapMultisig--.bin,90.47619047619048,True
0.4.24--0x1866e913c7d5003787ae062e805eba04afdba3d7--GN10Token--.bin,93.10344827586206,False
0.4.24--0x19a607ae73d8c0bbbc516d558d13f9829bffa2a4--ScheduleStandard--.bin,100.0,True
0.4.24--0x1a297889a968fc2112d08992ae31aa2c095a5897--ERC20TokenXQB--.bin,100.0,True
0.4.24--0x1dd6610a3f87fd9312438b4abd4cc5dea867ee81--RentingAHouse--.bin,90.0,False
0.4.24--0x1f165ddab085917437c6b15a5ed88e5b2c0b2dd9--FiveElementsAdministration--.bin,100.0,True
0.4.24--0x2151f88f963a57b1a4df976d1aead37457bba284--MokenMintingByCredit--.bin,100.0,True
0.4.24--0x22ec0a96fbe9e0d3ab234d377fead346a8ca0ab9--Stubs--.bin,100.0,True
0.4.24--0x23f349549a0ce93e18a66fc92f19c73d01f5941d--NuevaToken--.bin,93.33333333333333,False
0.4.24--0x2443dbe9ece78055c17a6db28ead6c093e646d85--MLMYou--.bin,95.23809523809523,False
0.4.24--0x250e5203f1eca4194c147831cb2061fe1585e007--MACKANDAL--.bin,91.66666666666666,False
0.4.24--0x26bcd18a748ade7fafb250bb014c7121a412870c--CappedSTOFactory--.bin,51.9607843137255,False
0.4.24--0x28f2c01a3d86ee4faf037147f0aeb49c2eab47ce--DESH--.bin,95.23809523809523,False
0.4.24--0x28fd414804a3FabF0740CD4AD22691D61163f20a--TIMETokenFundraiser--.bin,100.0,True
0.4.24--0x2a8fc710fbe8658be1b9383d46fdef1a96678529--USDSOCCER--.bin,95.23809523809523,False
0.4.24--0x2ac0378c3c81aa838d67c9c51bdb5323e087a07c--TOLTEC--.bin,95.23809523809523,False
0.4.24--0x2b0cc10247359b1faf46345dbb94b439e2a83143--ARTCHAINCOIN--.bin,95.23809523809523,False
0.4.24--0x2b3164992043a77abad8368fc3d99440f18cf003--SignkeysCrowdsale--.bin,25.37313432835821,False
0.4.24--0x2c1ac32e69e939145763655a4ab64e761c08d659--ERC20Token--.bin,100.0,True
0.4.24--0x2cf77e1a756b13d436085c5d396a8650eda9c9a6--MokenMintingByCredit--.bin,100.0,True
0.4.24--0x2fa07c1f11345dbef06790116104966bc8caa4d7--MainContract--.bin,30.18867924528302,False
0.4.24--0x35c93357baf39a8b0cbdf6951b004eaba0792687--MainContract--.bin,30.18867924528302,False
0.4.24--0x35D24246f1AeFf02B743C8Bb7A2f4d80E5c9E083--POLLUX--.bin,82.6086956521739,False
0.4.24--0x38db46a774166659cecb19d259764f5f57d4b07e--Impulse--.bin,95.23809523809523,False
0.4.24--0x3b6188109087858af836fb6404a7d446848ed9d4--BidaCoin--.bin,96.42857142857143,False
0.4.24--0x3d086bce7c2209ac0d8b9890c913e53ce0ce71b8--BorneoBerkaryaToken--.bin,95.23809523809523,False
0.4.24--0x3db9d7bec98ec454867b1422197d0b49f97e8a12--ACCTToken--.bin,100.0,True
0.4.24--0x3e17467dc38822f91b16a79237970d245b5b743a--CoinNetBank--.bin,93.33333333333333,False
0.4.24--0x402a9b9051440b3ac72b9751ce26ebe6ae90ae80--Tokenroll--.bin,69.81132075471697,True
0.4.24--0x41c32A8387ff178659ED9B04190613623F545657--PassportLogicRegistry--.bin,56.25,True
0.4.24--0x4486Ebf2150084d738dfAfaA283acf05977F57F8--FUSD--.bin,95.23809523809523,False
0.4.24--0x45b00f2e90e1aabed2aa2bb415c3c8ec74cf3bbd--EternalStorageProxy--.bin,100.0,True
0.4.24--0x484c4b5510e0a1b1aad05a52daf709a7643328b7--Token--.bin,100.0,True
0.4.24--0x4966af69bd3964cc34b08e43cc425dcf70f32759--Comix--.bin,100.0,True
0.4.24--0x49ff501e3e545ddfcaeadc0800fa385a5716e025--JBC--.bin,93.33333333333333,False
0.4.24--0x4D0451d85cd6932B482BeB806834470e2a9d0DB2--Passport--.bin,72.72727272727273,True
0.4.24--0x4de587c408962669d4a26803747da39545f7d6ab--MACK--.bin,91.66666666666666,False
0.4.24--0x4f1ff4e15936ee10851f397900345b84dcc23836--Token--.bin,93.33333333333333,False
0.4.24--0x51dc7a99d479ec511e2fbf142eeee3fca0fb76a8--ZRO4--.bin,100.0,True
0.4.24--0x51FE38dDd6eDC8759D757D39Bd8FF1F3844C77d8--MainToken--.bin,97.14285714285714,False
0.4.24--0x525Fb9e20DabBaa0B3218087117b4970cF34ecf1--KaryaSolutionsToken--.bin,95.23809523809523,False
0.4.24--0x540a3ac90092c6b74fd550d4c0aad054b3f2cc43--EMPCToken--.bin,100.0,True
0.4.24--0x54a4654f625f7b760ecbac5a640b8b916ee1a0ea--Rento--.bin,97.82608695652173,False
0.4.24--0x556bd59cb5d33e5febd56d49db3cba5224e45de1--ERC20DividendCheckpoint--.bin,43.67816091954023,True
0.4.24--0x577f04d8e049cc9306d4becf25cec6e5c4de214a--BSC--.bin,94.44444444444444,False
0.4.24--0x5837b08231b4b7e6909a18ac22454c907c479c07--chenfeiToken--.bin,91.66666666666666,False
0.4.24--0x59fdaf376727f6eba84895f76c83e6a391c2b6c5--PIPE--.bin,100.0,True
0.4.24--0x5a33296b788f96337df7163ae79b551a935da73c--BAG_Token--.bin,24.390243902439025,False
0.4.24--0x5d2dd10de8e086dd0772b45eaf164f14be981006--Mukidi--.bin,90.9090909090909,False
0.4.24--0x5d7dc9f67dc7b90f613c165d41997c38fee943e5--customIcoToken--.bin,100.0,True
0.4.24--0x5de805154a24cb824ea70f9025527f35facd73a1--EVOAIToken--.bin,93.33333333333333,False
0.4.24--0x5e3B789e509F4E96Cf9bbffecde08531d827Ac9c--GTFToken--.bin,100.0,True
0.4.24--0x5f3151b80b4beb7745a1e814a18bf6a1bf8d84b3--GiftChain--.bin,93.75,False
0.4.24--0x6132998044c1da6e671ec853582b92c6e8e2827f--VOLTZToken--.bin,93.33333333333333,False
0.4.24--0x61517aFDF0eE92Ee0232C9A86437B80831df8EA6--MainToken--.bin,97.14285714285714,False
0.4.24--0x65ab08a98ee099df1053137b69ce1cf47f8926b2--SuissmarkToken--.bin,95.23809523809523,False
0.4.24--0x67e5003031c0c56eaff102745afb9f0a8f293643--ScheduleHold--.bin,100.0,True
0.4.24--0x6f0543061fe9092e39ecb6bd8ae64d8cb3979022--SmartEnergy--.bin,95.23809523809523,False
0.4.24--0x6fe6164f72adddd93067f04a0ee96cf605044634--UpgradebleStormSender--.bin,77.77777777777779,True
0.4.24--0x718b92f46098c043349fff173f2a403407658760--OSEToken--.bin,95.83333333333334,False
0.4.24--0x731468ca17848717cdcbf2ddc0b8301f270b6d36--burnFromLotto--.bin,100.0,True
0.4.24--0x7356056a1b5436248fe587d678717de801ca30e2--SNGT--.bin,100.0,True
0.4.24--0x7494e7c73200f4af2ec9f1f21ac2994082bc7002--ERC20TokenWB--.bin,100.0,True
0.4.24--0x76c6a8d8bd3ffc0bc0a3198cee1f59fc75bf7d67--PLXE--.bin,94.44444444444444,False
0.4.24--0x76E2fe5C37c47Fe09DCFa55Bec9Fd34318922F27--PassportLogic--.bin,100.0,True
0.4.24--0x76f72fefdfc15b33b1878a3cdfafdc7448909305--GANING--.bin,95.23809523809523,False
0.4.24--0x7856c95d093d19baa8147e718650497fd752e657--NiMingToken--.bin,91.66666666666666,False
0.4.24--0x7adaa266127ca203d6542fc21a9ddc5be97fd190--RUC_Token--.bin,53.57142857142857,False
0.4.24--0x7D2296b840eB80DD6Bd09D3Fa1a5bc9BeDdA8Db2--FPAY--.bin,95.23809523809523,False
0.4.24--0x7e4c6366d709389c33ca0c8e4d0f8598dd9a2fe4--FiveElementsAdministration--.bin,0,False
0.4.24--0x809e0bf26607c0e8bd32a17967424b82d40c6b68--Fenic1Token--.bin,95.23809523809523,False
0.4.24--0x80a17fe0231b7742dabd37147dd0b3c059a7a8be--TokenTemp--.bin,100.0,True
0.4.24--0x80acb802869f7b825cdbdacb504cf95b595bb930--Core--.bin,95.23809523809523,False
0.4.24--0x8293bbd92c42608b20af588620a76128a33e4de9--CATCOIN--.bin,86.95652173913044,False
0.4.24--0x8387e1dd264499270c576Af8cD9E28f424151F4c--WotChain--.bin,100.0,True
0.4.24--0x83ff572a1757b9e4508cb08f13a79ed162c756c4--ZCOR--.bin,100.0,True
0.4.24--0x855152c9b98babadc996a0dd71c8b3682b8f4786--ERC20DividendCheckpointFactory--.bin,30.18867924528302,False
0.4.24--0x880366145fef2f2d7299b4a6aa39e8646beef1ef--MainContract--.bin,30.18867924528302,False
0.4.24--0x880b60d40dc9748dd198ff1a539b763580c0382f--DeflatLottoInvest--.bin,75.0,False
0.4.24--0x8871690d148a2c3be909b6da330a9a12c7164234--StandardToken--.bin,87.5,False
0.4.24--0x8931076db8984d7d044bd7cd4b96bc7e9058e683--RevelationDiamond--.bin,93.33333333333333,False
0.4.24--0x894b12a2039213981e918767d4db04f73e691d44--INTR--.bin,100.0,True
0.4.24--0x89bdc0287159ff53f07463164b27651cd2b80a90--OBC--.bin,100.0,True
0.4.24--0x8a80466581496cf1408e492c9cf1801df17f0d4b--USDSOCCER--.bin,95.23809523809523,False
0.4.24--0x8d2eba437b416938349bd1ac06eee517abd71f25--RealitioArbitratorProxy--.bin,20.0,True
0.4.24--0x9097027f3f23af560cf2a0399fbceed4607b3904--TokenDotFactory--.bin,21.052631578947366,False
0.4.24--0x90e831a1a0ecb1ee03713f7c49959a0036f91e47--XNR--.bin,100.0,True
0.4.24--0x90fadae936aff3eca94a01da0cc04a5081a6105c--LINETEST--.bin,100.0,True
0.4.24--0x929add25c9bc302f592bdbb5ad54b211feabe94d--BitcoinNetwork--.bin,95.23809523809523,False
0.4.24--0x93a6a2f251b1d95bc66c83466961225bc8263f1c--TestMoney--.bin,95.23809523809523,False
0.4.24--0x99370ef450f27bf0658dec87251e75e4ea7d006a--ChronoBankAsset--.bin,32.608695652173914,True
0.4.24--0x994239eec04766aade286f151a5fc13335ef1d26--Oraclize--.bin,83.33333333333334,True
0.4.24--0x9bc9dc466cc0da0b2a4af9839745cdf74dda2df6--ERC20TokenPAI--.bin,100.0,True
0.4.24--0xa0f4d2363ffaa28cfd95ed22c69782a169829c3e--BNNB--.bin,100.0,True
0.4.24--0xa1f47ac1e5590e4af246c9641609471e13c6994d--UE--.bin,100.0,True
0.4.24--0xa48d3b79f43477224933e492e42f5cacf4091ecc--AdvancedCOINSToken--.bin,100.0,True
0.4.24--0xa6302735eb076ccc97abb007bebf0ca2f3dd7290--USDCLASSIC--.bin,86.95652173913044,False
0.4.24--0xa7a881bc57e36305a1e8ccaa4115445a14cba2d5--GRMToken--.bin,100.0,True
0.4.24--0xa7d10fa2e784dfb56ff7c86f3d261100e651135e--BitcoinNetwork--.bin,95.23809523809523,False
0.4.24--0xa8168f771ed694f4fc1ee1c94b0b21d9e5b6f801--SetaCoin--.bin,86.95652173913044,False
0.4.24--0xa947187213120842f7acd768b577614532b87a6f--ERC20TokenBLC--.bin,100.0,True
0.4.24--0xAbE3C4aDF2e614A0C1b4C5402a1e27D54329127B--UCToken--.bin,100.0,True
0.4.24--0xac8d62304e09286e3359824d75c6c9e627ae8f7c--Token--.bin,45.83333333333333,False
0.4.24--0xb82f43c8ab1855378ac6679f7ad9547d639ae7f9--Governance--.bin,47.368421052631575,True
0.4.24--0xb94adf05a7366e15c23896dc99d1f0a43f07f249--CppToken--.bin,100.0,True
0.4.24--0xb95640f19a6dde68384d3ac1e6294b068978d251--MainContract--.bin,30.18867924528302,False
0.4.24--0xb9ff331e8988fc2a75e86ae979edb3fe75ce6618--LenToken--.bin,95.65217391304348,False
0.4.24--0xba95be962235de79436057a0987bd8dfea87cbd3--MultiSigWalletCreator--.bin,73.91304347826086,True
0.4.24--0xbdd596c5ffd8a7f2b0a4841d32cc6300e7cf3456--ERC20TokenARR--.bin,100.0,True
0.4.24--0xbe6573557cf53db5bd56ed0d8c93320ef4e9073b--Schedule50--.bin,100.0,True
0.4.24--0xc39fb6b4a3ef33c34447405288dd16898bd39648--CrowdsaleToken--.bin,76.47058823529412,False
0.4.24--0xc729c50c19d3b2f0049c9eec809b5cc175dbf489--PDGToken--.bin,100.0,True
0.4.24--0xc8d865b2b3b4a91491ea600002b09913d58fd7cd--ForeignBridgeFactory--.bin,95.1219512195122,False
0.4.24--0xc92F831397C98f4E5c4Dddb22d71030dD549653d--AnyPay--.bin,100.0,True
0.4.24--0xcba4d656c5df50a2530aac4d96ecc78ff67f3653--WOTChain--.bin,100.0,True
0.4.24--0xcc0fa574a8134171d9ec693a8cd8d536b77292d5--TAF--.bin,100.0,True
0.4.24--0xcc5514e1fe02c4d63fe9eceb90aedf26e9c42e16--BLOOCYSToken--.bin,100.0,True
0.4.24--0xcd43e39bfc6383db66d5c3a740717247ce1ba0e8--CcdToken--.bin,96.66666666666667,False
0.4.24--0xcd73a4f17b8dc56958409ad76994504e3c89da1e--DPTICO--.bin,50.0,True
0.4.24--0xcebfafc658a691633d6d92a7ffc6458bf56cba65--ScheduleMB--.bin,100.0,True
0.4.24--0xd173cf53d98ab653e6f69a78c22f3e1e03db1ce2--Rincoin--.bin,95.23809523809523,False
0.4.24--0xD206F09a797Fd5a939071Ee67ea2b167D12b81eD--CppToken--.bin,100.0,True
0.4.24--0xd23523a01bb121aa52dd80f00e95e49166e3f278--ERC20TokenQUC--.bin,93.33333333333333,False
0.4.24--0xd348563834296fe4932dba57db95e408a174959b--USDTieredSTO--.bin,43.90243902439025,True
0.4.24--0xd4f444efe15ee647792d5296f7d63b0cb6dc86be--BridgeValidators--.bin,100.0,True
0.4.24--0xd5f468bbfd84ce6fe7469c1fc8e08aa0dc5e25e5--BorneoBerkaryaToken1--.bin,95.23809523809523,False
0.4.24--0xd650F89639117516C3a605854F8afb27bf84ccb1--EquatorToken--.bin,95.23809523809523,False
0.4.24--0xd755603924c56ffcf099891f6130eca1b6203155--CEUZFiatToken--.bin,100.0,True
0.4.24--0xdba1471a5b50236b47d456fce7ccdeb659f354ac--RiseToken--.bin,95.23809523809523,False
0.4.24--0xdbf780f836D8a22b56AcF9Fd266171fAFf31F521--PassportFactory--.bin,50.0,False
0.4.24--0xde9e3c8bdee03508d308d9b3d0bf82ab66e5c4b5--EagleChain--.bin,95.83333333333334,False
0.4.24--0xdf22ebccd152b181715e01fe8477d43822fc7de3--TokenVesting--.bin,23.684210526315788,False
0.4.24--0xe0ced191881ee7c64e500ff6027601de8f013098--EMC--.bin,91.66666666666666,False
0.4.24--0xe11067ca374099e56e3df0200630108831633e25--MyAdvancedToken--.bin,88.23529411764706,False
0.4.24--0xe2647925adeb0b90d4f16d397f1c21c8475c800f--SCCTERC20--.bin,100.0,True
0.4.24--0xe3c1ff5a831d682fa8aba468179bce2fde32b719--Token--.bin,92.3076923076923,False
0.4.24--0xe4404db877e4c2fa39942b8002bda9f45edc031d--customToken--.bin,100.0,True
0.4.24--0xe4c53bed348b6d146b1b653f0e642bb1c680098d--PLLE--.bin,94.44444444444444,False
0.4.24--0xe5c886A21b78D0528F4f9def448E8A48Aa9c3848--GlobalPaymentCoin--.bin,100.0,True
0.4.24--0xe64aa06ecc9d3259446f652a390067946d804ae2--RevelationGold--.bin,93.33333333333333,False
0.4.24--0xe7049114562c759d5e9d1d25783773ccd61c0a65--BalanceToken--.bin,95.23809523809523,False
0.4.24--0xe71dcb3d506df5747709dd1f225dad44287f49a3--ChatJoyToken--.bin,90.0,False
0.4.24--0xe82ca8759eb9ebbf6ef2a169c538f78d0e841663--ISTCoin--.bin,100.0,True
0.4.24--0xeba89b712f2892c6aa56feb3ce29c65cb69d48f3--GETEventContract--.bin,22.22222222222222,True
0.4.24--0xebb393647FF524F01eB9Bf2FBC978E44b6c37e0e--RyangdooCoin--.bin,95.23809523809523,False
0.4.24--0xec0f22b4339b4adcae3347bd5cad539700ac4beb--MasterMinter--.bin,50.0,True
0.4.24--0xecf52b1cd443e51bf9bcea862b584b748725da9f--TOURCOM--.bin,93.75,False
0.4.24--0xf0170e1c559126bde71ae60e8d66c2eeed8f257b--ETHEGRAM--.bin,100.0,True
0.4.24--0xf1367dbe7c89a6a5ca8cbb4c018ad227dd9eea0c--ForeignBridgeErcToErc--.bin,69.56521739130434,True
0.4.24--0xF3E6264475F63D771Ca562A5176Fb9a9b79acD67--Celer--.bin,90.9090909090909,False
0.4.24--0xf470cd3848a377dab3d4f19dd85479894436b21e--MulechainToken--.bin,94.44444444444444,False
0.4.24--0xf4fb70638c4a83ffcec413a026b99a272b6f9933--RevelationPlatinum--.bin,93.33333333333333,False
0.4.24--0xf8a3dc13b7a8da473f80660f513c4343e4edd7f7--CrowdsaleToken--.bin,74.46808510638297,False
0.4.24--0xf90F2117Ec74cB1FFf718165Aae3d900a6343933--JanKenPon--.bin,72.72727272727273,True
0.4.24--0xf992358208e3ca669829d6c929898d10a124afbe--NOUN--.bin,95.23809523809523,False
0.4.24--0xfb604f81d1316287a8eedef632ee98ddcccaf30d--TIMETokenFundraiser--.bin,100.0,True
0.4.24--0xfb9b8fbce5cc4b6adb5861a7f5870356f0ce7027--CrowdsaleToken--.bin,73.33333333333333,False
0.4.24--0xffa976fb6a5163290bddaf0720a25308522a4540--TokenTTDfourth--.bin,100.0,True
0.4.24--0xffb3407cce3eb419273656022b6bb493e265c5db--Escrow--.bin,77.77777777777779,True
0.4.25--0x00676065a7854163c6a4d5f474496514d03e31c4--CrystalDeposit--.bin,75.86206896551724,True
0.4.25--0x007c4cf0f656b420cf5eea97d3337b0dcccc351e--AICoin--.bin,94.11764705882352,False
0.4.25--0x00d513196ec3dd0579e8d17cfd2af629df90ca54--CrryptoArena--.bin,68.29268292682927,True
0.4.25--0x02c12964e74a0ebb4ecfa13c3717797dedd9ef6f--EXI--.bin,100.0,True
0.4.25--0x02dc6487991227a5cd580f88e6c32f560649d03d--MyAdvancedToken--.bin,95.65217391304348,False
0.4.25--0x031228f403dbfde1dd47310bdc49bb788f53ecd9--Roles--.bin,0,False
0.4.25--0x03ce85b4017119f23f023e1374736a8059c03c31--CHEMCHINA_PFII_III_883--.bin,100.0,True
0.4.25--0x0488401c3f535193fa8df029d9ffe615a06e74e6--SparkPoint--.bin,95.45454545454545,False
0.4.25--0x04eFC7daEF8E5Ba7B23f1cC1B3a36e2d50000Ff7--AmmuNationStore--.bin,66.66666666666666,True
0.4.25--0x0518e5AAFbCF2f05731803725d5c2D68e454033C--XIO--.bin,100.0,True
0.4.25--0x05b04cb2c29691d3f9ce74e6aa3c69548da3bee2--EtherStateEquivalentToken--.bin,100.0,True
0.4.25--0x0730e01be94258aa1b58a27bb4ed6598586b404c--BetterNameService--.bin,90.0,True
0.4.25--0x07fc349cfc5d39fdc050b5c1123a91ebbaf004f5--COM--.bin,100.0,True
0.4.25--0x0b8743a6e5160fce00c1e0ae461385bc3f640432--CHEMCHINA_PFIV_I_883--.bin,100.0,True
0.4.25--0x0ce12a5294cd3a480ee906222cb02af5677dc657--FangdaTravelToken--.bin,96.15384615384616,False
0.4.25--0x0d722c159eaacd74eb3fc8ce65832706cf294b33--CoinFlipper--.bin,96.66666666666667,True
0.4.25--0x0e9eccf7ced35da0702c9e2d943654da80fc72dd--HKDD--.bin,100.0,True
0.4.25--0x0eeb66edff8ccfd85c2181eff81d8275a3b92b8b--OROCoin--.bin,92.3076923076923,False
0.4.25--0x0f237d5ea7876e0e2906034d98fdb20d43666ad4--CONNECTXCON--.bin,88.23529411764706,False
0.4.25--0x112e8231ef350b1d9f78dd8ed47d6c6080139089--LLV_NDD_001_1--.bin,66.66666666666666,True
0.4.25--0x114ffec3f9bb44694051b61806b4da2793a2efcf--ETTOKEN--.bin,90.0,False
0.4.25--0x12502e5b56dd58f9f256f756cd2ac9e42b1abce3--Pooled_funds--.bin,100.0,True
0.4.25--0x12d02b5265560361e331bc25eee140093b4930fd--ERC20Interface--.bin,0,False
0.4.25--0x12db4b88fad2e21e075fd4382e77bd76a096e017--AssetSeriesA--.bin,100.0,True
0.4.25--0x13d4e758b9e7476b6ab737f0f34e1f8bc66d4b0a--EtherDelta--.bin,68.57142857142857,True
0.4.25--0x14d4149440851275fe50bf4069270a851877a9db--ZeroDelta--.bin,18.91891891891892,False
0.4.25--0x17280da053596e097604839c61a2ef5efb7d493f--UpgradeAgent--.bin,0,False
0.4.25--0x17e6616c45d267bc20a9892b58a01621c592b72d--EMS--.bin,100.0,True
0.4.25--0x18a57c32147e9647008c4add23f73ebe2376ade3--CryptoBossWannaCry--.bin,76.31578947368422,True
0.4.25--0x18dd9ae3383de623db1ea37d8da5dde1dc74d356--DrawTicket--.bin,30.0,False
0.4.25--0x191e6fdac8bc256f0e4b7ac98cc8a2b54f3d6f5e--Hibo--.bin,100.0,True
0.4.25--0x1925fd4f9e3f56d29c826bf43ae0349f5987528c--COPToken--.bin,93.54838709677419,False
0.4.25--0x1a15628D18CFCff2dcEac4B08e40747A093062eA--EtherDeltaHandler--.bin,44.44444444444444,True
0.4.25--0x1b80B24C33B7fe69077518F22692aBdDDDf1Dc07--ERC20Box--.bin,89.28571428571429,True
0.4.25--0x1bf137c8a61444f21366aa7fa696cf5dd01b1ef9--GOLDToken--.bin,90.0,False
0.4.25--0x1bF7Fd22709733cCD7c45AB27Dd02C7EC8E50078--SimpleToken--.bin,100.0,True
0.4.25--0x1d899280f446aab65971e41611b5bb5516dd47f9--CryptoMiningWar--.bin,90.0,True
0.4.25--0x1dc9edfa2a929ee0c59159bae3769591ec563f1c--WCToken--.bin,93.54838709677419,False
0.4.25--0x1f9e3a06574cb24a0c447b07a0a2c84988a16a10--ERC20Interface--.bin,0,False
0.4.25--0x2051f57c5c1539c17e7d22caf46c83f861bd8e81--online_wallet--.bin,100.0,True
0.4.25--0x20d4477cb25186cc87e85185cfea792dd28bfca5--go_to_play--.bin,100.0,True
0.4.25--0x254ef3fcae7b468e5ae36d55d9ebb1c5dff21e64--ERC_20_2--.bin,100.0,True
0.4.25--0x2672880d7be2b687b3a7f874fc4bf2eab7ab7074--FundingWallet--.bin,100.0,True
0.4.25--0x28b61faf5f4b9381a9cdb38d9f87788c563e3644--LiquidLong--.bin,38.35616438356164,False
0.4.25--0x296215d1ee44a7a89ee059d5a9c217dc3298565a--ITNPOS--.bin,80.95238095238095,True
0.4.25--0x2a1b959a60adaaae00bba354b77cf2c9cb273806--MELNI_PFX_III_883--.bin,100.0,True
0.4.25--0x2a2af451d6b33e6595d5b3c4672dd24b4c2010d6--Casino--.bin,0,False
0.4.25--0x2ac135e1274711806504aa38f94badb564e52207--creatorProxy--.bin,10.0,True
0.4.25--0x2ad8529da0488a7c2a1af1e22d1902f7ad2943eb--BCAChainToken--.bin,94.11764705882352,False
0.4.25--0x2b7e96b1524c5d2c656659409cb26b55e1cacff4--DoliCrowdsale--.bin,100.0,True
0.4.25--0x2c57a7707a367fb2d65e485e9e6a0aa90b79afc4--QueenXChain--.bin,100.0,True
0.4.25--0x2ec610d84684bf0830671e4c4a6ebe8d3096d978--Promise--.bin,100.0,True
0.4.25--0x2fcbafb681a086103e3d97927d9ca9af9f1ebd22--LiquidLong--.bin,38.35616438356164,False
0.4.25--0x30f855afb78758aa4c2dc706fb0fa3a98c865d2d--OrbsVoting--.bin,88.88888888888889,True
0.4.25--0x310828368f4787c09c46e0b8973ca4a79b666b63--TOKEN--.bin,97.22222222222221,True
0.4.25--0x3123ff80cbdfd35577628a41ff50598cefc2d236--Token--.bin,94.73684210526315,False
0.4.25--0x31e0c89030f0f0e594f007947bb744d75884731d--AddressUtils--.bin,0,False
0.4.25--0x32a6fd88186593fc50ac3a4967c9268deec46b04--JcbChainToken--.bin,100.0,True
0.4.25--0x32c3efd121c15e67b6dbd57d77a10f8c8bc84501--NDD_001_F1--.bin,49.275362318840585,True
0.4.25--0x332e68dabba9ac8ac5f9a11423f7e72a8b648d1a--DTDToken--.bin,100.0,True
0.4.25--0x347925b22d0217a4797f470fAA2AfeBBdb150B7a--Nanotechnology--.bin,100.0,True
0.4.25--0x348bf1a3c3322cf7949fe7ac08f0ac8caaf4741a--Escrow--.bin,88.88888888888889,True
0.4.25--0x3532569dc76148aaa2872437b62951b36deb0b4d--ERC20--.bin,100.0,True
0.4.25--0x374d60bc9678d16d024619d2dc3e5d235a5ab1ef--LykkToken--.bin,94.11764705882352,False
0.4.25--0x3901993c0a3ce639a124a8db41079b4f3467d561--CHEMCHINA_PFVI_II_883--.bin,100.0,True
0.4.25--0x3a20d03B00E31AedCB4eA9D521ef77f9A62C54ee--Raiden--.bin,90.9090909090909,True
0.4.25--0x3a266f97425cd281c1770b71662fcf4415c29190--CryptoProgramFactory--.bin,59.45945945945946,True
0.4.25--0x3a7ebc138fd59ccce16b7968199c2ac7b013bbc0--NewToken--.bin,90.9090909090909,False
0.4.25--0x3b83893581417b026ff844168fdf80fa00b58b2c--CHEMCHINA_PFVI_I_883--.bin,100.0,True
0.4.25--0x3cd6176b444290cde44433554e2bf933577ae40d--GlobalGamesBlockChain--.bin,100.0,True
0.4.25--0x3e0a36f018eda17e099dcad0c7cc01979d5362cd--MyAdvancedToken--.bin,95.65217391304348,False
0.4.25--0x40fc3b65380475df62c45b82f0a851a5d817db6c--BtcnnRoll--.bin,87.87878787878788,True
0.4.25--0x41a763efe09af772ddbd1e97cabf5b51a383deb8--KeyHolderLibrary--.bin,0,False
0.4.25--0x4202b62990c763860ffaf5e4ee935b1459890e25--Casino--.bin,0,False
0.4.25--0x431d971c6b9b0f39a18655e60fff432c877cbfb3--OROCash--.bin,92.3076923076923,False
0.4.25--0x43a9ed02c371f7e75f228b96a86925fbb0fbf92e--CrystalAirdropGame--.bin,77.77777777777779,True
0.4.25--0x4432f81a9a89d58ed0477daee32cc2f9f0a2c70b--Neutrino81--.bin,95.23809523809523,True
0.4.25--0x455542507d3c9975538f13f65d6a79b669584d21--Casino--.bin,0,False
0.4.25--0x45fb86ef38dce0a6fee4ba8cce0c34205cd6e8ab--BIMI_DAO_31_a3--.bin,50.617283950617285,True
0.4.25--0x46b87b5182333685813cb50f918c4c0a065824a7--ERC20Interface--.bin,0,False
0.4.25--0x482047b690f5ec45dd24b68f92ae97e04450de50--CoinFlipper--.bin,96.66666666666667,True
0.4.25--0x4937dc5d8cd738ff5cc9f4a69786364bc1cccdaa--Casino--.bin,0,False
0.4.25--0x4b2662aeba1018c40529be3625d078b9b94259bd--FoodChain--.bin,100.0,True
0.4.25--0x4be28e4b7dd6a8d5a4fa059382175dad781b51e8--TrainingToken--.bin,100.0,True
0.4.25--0x4E0E04963D8EbE2c5f7DCA148FD51ff048Dd5a49--PPT--.bin,90.9090909090909,True
0.4.25--0x4fb4ca5b6811b47775e914193ab3a136ee8f0ed8--EuroTokenController--.bin,15.702479338842975,True
0.4.25--0x505295df0baa22c74356278e97e442f7a3a6f543--CHEMCHINA_PFVII_III_883--.bin,100.0,True
0.4.25--0x51ac52a7405257eb47b267590990fda016cd5d7e--NodeList--.bin,100.0,True
0.4.25--0x51c610a1d2c649150abcd1d709217b670abd50cb--TST_ERC--.bin,100.0,True
0.4.25--0x5279ef99353dd74fdfda8d70e9a2f6cb8a1ae2fe--CHEMCHINA_PFV_III_883--.bin,100.0,True
0.4.25--0x533ec971484b1014215422010978e892eacac430--MortifyAsset--.bin,100.0,True
0.4.25--0x535d346989a4f72d5ccd6ed94e53a3b30bd3a009--ERC20Interface--.bin,0,False
0.4.25--0x53cc6bf17c46829f449c78be2aad2d0ea813adcb--InvestToken--.bin,56.52173913043478,False
0.4.25--0x553236a240743cc611129ea0d150dc47fcf9f894--ETST--.bin,100.0,True
0.4.25--0x5548382459e40afbf9f1b084c76278234956db3b--WOTChain--.bin,100.0,True
0.4.25--0x557fe7ef21de7634f55cf3b964ccec36403cd13b--JTCCtoken--.bin,100.0,True
0.4.25--0x55c4b50c93a5fa213078f96fbf0834cba17ebc43--Egypt--.bin,91.66666666666666,False
0.4.25--0x56a6895fd37f358c17cbb3f14a864ea5fe871f0a--OrbsValidatorsRegistry--.bin,85.71428571428571,True
0.4.25--0x5b15a638d1defbf055dc2d7653d5ff1bd5a9494c--CHEMCHINA_PFIII_III_883--.bin,100.0,True
0.4.25--0x5b63b8d11ce8e45894b66f876dca321b8a735da2--COM--.bin,100.0,True
0.4.25--0x5d5fd322b5beefd87f0897db6f743dcc626974da--CHEMCHINA_PFIV_III_883--.bin,100.0,True
0.4.25--0x5d8ce06a40fb101895be5b6560931b92a1b3444f--TAGZ--.bin,95.23809523809523,False
0.4.25--0x5de9c80c15f39a711e2a6607642820be648e5695--MemoryFactory--.bin,94.11764705882352,True
0.4.25--0x5df28f3b9cf002d41cc78da4bb237b5d20f1e180--BitradeToken--.bin,96.15384615384616,False
0.4.25--0x60e4c1f409cc41309a92e8da2a24b1180888d0c3--YMtest_airdrop--.bin,50.0,True
0.4.25--0x621CAa89EFbd0d721D4e87328f0F50eE9888A7E7--SecurityToken--.bin,38.88888888888889,False
0.4.25--0x630b6ce3471ea19d3e31ddc07160d79ef96957a3--Asset--.bin,100.0,True
0.4.25--0x646c311bade24338446422e9973361779ff83891--Vippsit--.bin,56.00000000000001,False
0.4.25--0x647c008665127210d44d17313b9020223f683d12--CHEMCHINA_PFV_II_883--.bin,100.0,True
0.4.25--0x65c347702b66ff8f1a28cf9a9768487fbe97765f--CryptoMiningWar--.bin,89.79591836734694,True
0.4.25--0x68120110506dcc0c95f6ac991bae9340aeceed73--TLDR--.bin,21.875,False
0.4.25--0x6a0dab17f7964eb1d05a6b0cc3f5b545793b81a6--ZHANG_DAQIAN_BIRD--.bin,97.5,False
0.4.25--0x6c3BE406174349cfa4501654313d97e6a31072e1--CNNS--.bin,94.11764705882352,False
0.4.25--0x6c827d03d3e46301746fe722be69442908b79fe7--AthleticPass--.bin,100.0,True
0.4.25--0x6f97b5c035939424037f00102068e610380ee25a--NDD_KHC_I_883--.bin,100.0,True
0.4.25--0x6fcaf59b5a6790752c78e2ab8cf7fe599f3dcd45--NDD_001_T22--.bin,100.0,True
0.4.25--0x708a64eba17df26cd7085c494b725160ba1a6b7d--JavvyCrowdsale--.bin,59.756097560975604,True
0.4.25--0x726605eA9987F54e62e16cbceC4926A1a493a84e--CompanyWallet--.bin,100.0,True
0.4.25--0x73390087000b126be1ced616a9df4daff59d03c6--CHEMCHINA_PFV_I_883--.bin,100.0,True
0.4.25--0x7422224dd35c273b0d3ba2a583ff0b1197bb1c13--ABSToken--.bin,100.0,True
0.4.25--0x75eee2b5ffea02f1e14e6a1c40bd30ca94cff975--Game--.bin,37.903225806451616,True
0.4.25--0x762be9eb36b03ffd9d30ce13ad5d1fa4b09ebc95--Roles--.bin,0,False
0.4.25--0x7823c89a279ec338df03161085083741f06d6fa0--ETTOKEN--.bin,90.9090909090909,False
0.4.25--0x78eafd912be31ff2ddbecf269280c451d23c04d6--GDM--.bin,100.0,True
0.4.25--0x7A271d1Df2C3f2FeF734611C6C7eE6b9B8439204--EXXTOKEN--.bin,100.0,True
0.4.25--0x7a882c5bcd3762d078deaaf22e68d37c129cf75b--GIFT--.bin,90.0,False
0.4.25--0x7a905f300d2d999c4d7f4df8e429cbeada339f20--NewToken--.bin,90.9090909090909,False
0.4.25--0x7b531454b849e7fd945673e531f269a18934934b--CHEMCHINA_PFII_I_883--.bin,100.0,True
0.4.25--0x7d1903eeb918b75115435bc226694e0930d4193a--TokenERC20--.bin,100.0,True
0.4.25--0x7d2610266b49933c7f5667ba2a5906fd769936f7--QUEST_OF_QUESTION--.bin,100.0,True
0.4.25--0x7e1a6c74b9a862002d5246215205ca062fbe0868--Itubagus--.bin,100.0,True
0.4.25--0x804c8336846d8206c95cee24752d514210b5a240--OrbsValidators--.bin,75.0,True
0.4.25--0x81470ba5909c87a554bef95cd2f8e11f5ac98f93--CrryptoWallet--.bin,84.61538461538461,True
0.4.25--0x8154eb22ebedc56cb1c72add3d3704d6b5578155--ExRAR--.bin,100.0,True
0.4.25--0x8233d77c35efe359517b32b02cbf76446002eadb--CrystalDeposit--.bin,75.86206896551724,True
0.4.25--0x825f989254bd121a7d17d00508393e7f27b56eab--SmartContractFactory--.bin,100.0,True
0.4.25--0x82606546902f50a479e4e7455ca1fdddf2e5b9d5--CHEMCHINA_PFIII_II_883--.bin,100.0,True
0.4.25--0x84cd9d75af2786d20504fb50bde9f2c2339390b3--MyAdvancedToken--.bin,92.85714285714286,False
0.4.25--0x850883d84297264257148df19967869ff96649fd--KHC_LAB_200_3_883--.bin,100.0,True
0.4.25--0x850c206043382e2c7615710846554c154425b1c6--BIMI_DAO_31_a2--.bin,50.617283950617285,True
0.4.25--0x850ddbd9ae4b1f62f5f698495a5c7d0c0a005e9a--MondoNet--.bin,100.0,True
0.4.25--0x85d1414de78d632f51db490e2880ab520e34fc79--EXI--.bin,100.0,True
0.4.25--0x85eade0b7433545c63a23c4b72587e8653e01798--CnusUpToken--.bin,100.0,True
0.4.25--0x8832a650ead107fbb24a0d2226f2b18ddad000c0--BmsCoinCore--.bin,91.30434782608695,False
0.4.25--0x888888051d0f1f9a61d990b1e0b2c089c248eb8c--Helper--.bin,28.57142857142857,False
0.4.25--0x8888882605528a4f2b6756bdf1788d040eaf478d--Bank--.bin,44.5945945945946,True
0.4.25--0x8888887528e6e639d08b9809de139021789b1689--Helper--.bin,38.88888888888889,True
0.4.25--0x897d6c6772b85bf25b46c6f6da454133478ea6ab--Neutrino81--.bin,95.23809523809523,True
0.4.25--0x8c0d9959d123c2f40f0dee18dbfa19a3c292c12a--EasySocial--.bin,95.23809523809523,False
0.4.25--0x8c89d8A6bFaD34168Ae8A19F55B146f9726A07fC--PantheonEcosystemOne--.bin,100.0,True
0.4.25--0x8de735de4caaac5adcada2e92d0bb06e35ca34b0--BEST--.bin,90.0,False
0.4.25--0x8efde099174f8c4879e7a0d74be2d77c91f31058--Multifund--.bin,100.0,True
0.4.25--0x8f5a44e57b44f668ec9529af912b718dc79425f4--CCH_NDD_001_1--.bin,66.66666666666666,True
0.4.25--0x90929c0af38a8f5edf8da7e502aac91b80b3205b--APCT--.bin,100.0,True
0.4.25--0x929ae09045a2831d83c1218e450475818a3c82a9--KHC_LAB_210_3_883--.bin,100.0,True
0.4.25--0x946262863e52da4a66de306f066d88be020f1db1--DigitalEconomyChain--.bin,100.0,True
0.4.25--0x9508e6f25843dd52563ffb57b3c83612fd4e998b--PouyanRoohiVsHamidTebbi--.bin,100.0,True
0.4.25--0x956e0b5eca83ed743f6803c518ba40e0b7ddf612--WDT--.bin,100.0,True
0.4.25--0x958270932685648c03537689b78714696345e11d--BitCar--.bin,96.55172413793103,True
0.4.25--0x95dcda9f2d95982ae314c84e16816a71d4b175f2--LKDToken--.bin,100.0,True
0.4.25--0x960b10987374c5C91d841b6D936EfECb6d55c3A9--POLLUX--.bin,82.6086956521739,False
0.4.25--0x961fa070ef41c2b68d1a50905ea9198ef7dbfbf8--Lending--.bin,73.68421052631578,True
0.4.25--0x96cc33d5a6cf2d7db88c37f73132bc4670412c80--FanfareAirdrop2--.bin,66.66666666666666,True
0.4.25--0x984408d4b5db8ec810ec82e3dae0b072ff0d2a26--TST_ERC--.bin,100.0,True
0.4.25--0x984c3e8cbdb599ffc943b1ed71a81b461c3c5887--WinEtherPot11--.bin,100.0,True
0.4.25--0x98c3269421ff882838ce337fdb5484dfde61bda7--TEAToken--.bin,90.0,False
0.4.25--0x99071bae75d0d61cd4487cb97fc7a1072e7883cf--CHEMCHINA_PFI_II_883--.bin,100.0,True
0.4.25--0x99b854aa02038095f90007d52646a672ecec83e8--GBN--.bin,100.0,True
0.4.25--0x9be0280622c7506ff71a4ffa93beddc46acd9301--HELIOS--.bin,100.0,True
0.4.25--0x9F0994960f671398B167547549F17d602Cd38cCd--UNTI--.bin,100.0,True
0.4.25--0xa2b5ca48fc2f8517c5e6077046a17e57d346dab5--CHEMCHINA_PFI_I_883--.bin,100.0,True
0.4.25--0xa2d3c535f3a31fc624654cbaaae7d899a3731342--Casino--.bin,0,False
0.4.25--0xa47c4a7f18d4068648ca55e8023ff2c30dd86f45--CHEMCHINA_PFII_II_883--.bin,100.0,True
0.4.25--0xa4c0378eeb4f8eec0ebe95d969a5a11bfd3b7725--CCCToken--.bin,92.85714285714286,False
0.4.25--0xa4fcf82feb35b1c011634457ef58c110e6274bac--_0xbtcBankroll--.bin,80.7017543859649,True
0.4.25--0xa5dd50d5c00292c4c699b72feea631693bbd2a5a--WinEtherPot11--.bin,100.0,True
0.4.25--0xa74840bf79a145ad660173c3cbd8938ce0f7fd16--MELNI_PFX_I_883--.bin,100.0,True
0.4.25--0xad7a70d5ec08783ba41aa2a755c61f336c556dba--MyAdvancedToken--.bin,95.65217391304348,False
0.4.25--0xadbe0dd80f0d75beed3247d659ff7fe3bdacd8a1--LiquidLong--.bin,38.35616438356164,False
0.4.25--0xae1afc573654ec294e277c7c723f29e799528a87--WWCToken--.bin,93.54838709677419,False
0.4.25--0xae30e9549c6c32e02f52d1bf51bc3f20e3def820--QUICK_GAME--.bin,100.0,True
0.4.25--0xaeb73899104ab5eacf70070122c9fc3b78b24839--CHEMCHINA_PFVII_II_883--.bin,100.0,True
0.4.25--0xb0bf9b2ab713162397d626eff05bbee339d00e64--play_with_me--.bin,100.0,True
0.4.25--0xb2d39df230a8f349cd9aed7adbe2684dfeb7ac43--MemoryArena--.bin,92.85714285714286,True
0.4.25--0xb2d6000d4a7fe8b1358d54a9bc21f2badf91d849--CryptoEngineer--.bin,91.48936170212765,True
0.4.25--0xb539d2a77de6a169fca51c929ac724c47aa9e97c--online_vault--.bin,100.0,True
0.4.25--0xb88c46cc79a7ce693c6aaa5d61cbfe384c387097--cgkgame--.bin,100.0,True
0.4.25--0xb99106Aafc6a3FC8a2d8235c3E629681Ce318EC7--SecurityToken--.bin,38.88888888888889,False
0.4.25--0xBa5160Ba66b286f1B9B6f3a57A6ABCFa440E7aA2--THB--.bin,100.0,True
0.4.25--0xba7c312b0c49a307b2f33889482c64eb4d9f8d9a--the_game--.bin,100.0,True
0.4.25--0xbb06949dd6b3e1b1e774e187b9fa752bce20a2f3--MELNI_PFX_II_883--.bin,100.0,True
0.4.25--0xbc0F2103C83cdb89C6b000f82C765548fbcA4BD4--McoinToken--.bin,100.0,True
0.4.25--0xbe6d639a4f661beb3fa43df859df8e9f77b73192--OrbsValidatorsRegistry--.bin,85.71428571428571,True
0.4.25--0xbec24653a49a2c346d2ec86eef939e9c4ada18a9--Token--.bin,100.0,True
0.4.25--0xbfd16d149d16d8e23f3801915c33d01d1a324af1--LLV_NDD_001_1F--.bin,49.275362318840585,True
0.4.25--0xc0223d4411440a5d7d4083e2ebbf6f2a27ac8d9f--Trextoken--.bin,100.0,True
0.4.25--0xc104b24dffc82914ff9efecfd1352867cbead5c6--CryptoBeginnerQuest--.bin,54.54545454545454,True
0.4.25--0xc12dc6274882b3d535b01fb7430d38122d948542--go_to_play--.bin,100.0,True
0.4.25--0xc1a86cc7dc0e12ab5c9bc921a497c87d666e8d11--ERC20Interface--.bin,0,False
0.4.25--0xc2dc1840737b5fbfc0c31895a69b356a3a6e4e47--CHEMCHINA_PFVII_I_883--.bin,100.0,True
0.4.25--0xc3b09ceed594cc0a09ce082c022799c605ae20e5--ZeroPriceIndex--.bin,23.52941176470588,False
0.4.25--0xc3f836d6bfa294fbb5899323619c9324fc0e25e3--AirDropper--.bin,6.0606060606060606,True
0.4.25--0xc4Ea9DEE8638893fbE67701D171D4eCF19135254--Conquest--.bin,73.91304347826086,True
0.4.25--0xc62015eb86570ea7bc744bc23be38e614106143e--Migrations--.bin,12.121212121212121,False
0.4.25--0xc62c14878cd4dd8dc47afcb701630a6dbfd57998--_0xBitconnect--.bin,85.24590163934425,False
0.4.25--0xc62f4acf4c25243ee2f3647c7f381ed4447d12f6--ERC20Interface--.bin,0,False
0.4.25--0xc68bed29d20173863c31db27c46b25cda5548024--CHEMCHINA_PFIV_II_883--.bin,100.0,True
0.4.25--0xc7f1907704e6ad1f846f662c2e967cfcb04c8621--RAR--.bin,100.0,True
0.4.25--0xc9a948939e31777b48943a2d423888905c80a872--ZetTokenMint--.bin,92.85714285714286,True
0.4.25--0xce9e84a26ddb9e2283de164f7ed595e0d27e32b3--Crowdsale--.bin,93.33333333333333,False
0.4.25--0xcf5d889e2336d0f35f6121718f6c25e0650d4b25--CryptloDex--.bin,61.904761904761905,False
0.4.25--0xCf686b9C6d185d0091d07Df8B9953702c78B0C20--TotlePrimary--.bin,34.78260869565217,False
0.4.25--0xcf8800f7cd90cbf3b7f5eb3681db88d8c686f54b--Upcoin--.bin,100.0,True
0.4.25--0xcfb692d6832f4e0c01052d65398f0be6e43a9c23--CHEMCHINA_PFI_III_883--.bin,100.0,True
0.4.25--0xcfd2e5876cb479dc9d86abb2ff4bfe166c8d8d22--Dedit--.bin,100.0,True
0.4.25--0xd110bb8a24b100c37af7310416e685af807c1f10--WDT--.bin,100.0,True
0.4.25--0xd11a5e1a8a4ec69848f706371dcfd5853d98993a--CoinFlipper--.bin,96.7741935483871,True
0.4.25--0xd161467a8948ba67430df96d98324c6c0064ca68--Bazic--.bin,100.0,True
0.4.25--0xd2bfec3f80b7d966d7657a2ecc5982ee2f49336a--GosamaToken--.bin,100.0,True
0.4.25--0xd3a8a02825ae52a29c6fdc53fda7103c4759a1b6--Presale--.bin,57.89473684210527,True
0.4.25--0xd52bdbd7fc65da33f57c64e55134c01984c101f5--UBets--.bin,64.86486486486487,True
0.4.25--0xd54C64c7E9D46B5b4A915A6EE3Ee16946dC385D1--XIOExchange--.bin,50.0,True
0.4.25--0xd635903c1b9a3202027d4cc78efbb6fa964a987a--Bitsave--.bin,100.0,True
0.4.25--0xd64b1bf6fcab5add75041c89f61816c2b3d5e711--OrbsGuardians--.bin,100.0,True
0.4.25--0xd653550a308ed2ecc05ab86475b32c6dfd59d22a--YoungToken--.bin,100.0,True
0.4.25--0xd7378939089abd6656d3f523bf55edcd2213332c--NameFilter--.bin,0,False
0.4.25--0xd996a4ec078d479778920a6f56b847f85ac10833--CrLepreconToken--.bin,95.23809523809523,False
0.4.25--0xd9d42c6d1ebf9083d9514e5ae5f53cd627708c12--TokenERC20--.bin,92.3076923076923,False
0.4.25--0xda47f3252bb03c5c7950d7bb2fd32637fc5ad943--KlerosLiquidExtraViews--.bin,3.3707865168539324,True
0.4.25--0xda745a57e2128df87a91464591d6f30f91766a09--BmsCoinCore--.bin,91.30434782608695,False
0.4.25--0xdaef2a5d60878af62afe17ef42c1ef277f2b3c57--Crowdsale--.bin,93.33333333333333,False
0.4.25--0xdc25ea053f83983b01e778ae90346bea0fed1f22--Casino--.bin,0,False
0.4.25--0xdc8a6ef9a8a4114773e806dc24bb8e7b6f3d92eb--CryptoBossWannaCry--.bin,76.31578947368422,True
0.4.25--0xddb331db0963428c905b2d1b91fa05466cdcbb21--NDD_001_P2--.bin,66.66666666666666,True
0.4.25--0xddd0e064bb1c8e3a4ff7b7934e6ebb19718a2556--Ecoprotech--.bin,92.85714285714286,False
0.4.25--0xDF56f8200B0abC1e3674bDe29e66bda706a4c08B--GamePaymentsCredit--.bin,100.0,True
0.4.25--0xdfcf06bcf80bbd8c0bd58ff202e570092564dcdc--ZARVICBROTHERSLLC--.bin,100.0,True
0.4.25--0xe1d7e6cdca09b0c350ab39a2a4c3a85d26f0a083--quest_question--.bin,100.0,True
0.4.25--0xe2907997cd5d53e4a6307313d7a019407c9742ab--NDD_RUSAL_I_883--.bin,100.0,True
0.4.25--0xe553b40a9ad7913a5dab6531c25f7b4b11743ed8--CarDataChainCoinTest--.bin,100.0,True
0.4.25--0xe5d855dd040825e5ac99f39fc9bd2b4edcbabc5a--Q_GAME--.bin,100.0,True
0.4.25--0xe98cb1c943ad6263e3258f98a5001cc775ede7cd--Medikey--.bin,100.0,True
0.4.25--0xe9e9a0cba29a54a2b7d6e164e51dd430e42d777c--Nametag--.bin,18.91891891891892,False
0.4.25--0xea854017196c102acfa811486dbda0b4bba66164--CHEMCHINA_PFVI_III_883--.bin,100.0,True
0.4.25--0xeaeecb5ab0e169eb52663fe26d52485ba29d7bd6--ERC20Token--.bin,100.0,True
0.4.25--0xec64563ecc40ee128a0fb77bd85f24ebfc396591--CryptoArena--.bin,56.00000000000001,True
0.4.25--0xedf44412b47a76e452fd133794e45d9485e4cd4b--Roles--.bin,0,False
0.4.25--0xee98def29430b78ab2dfdd07a4e5947a92d7f1a4--CoToken--.bin,100.0,True
0.4.25--0xeee95f7af91b4611c0a707a0012e3ba06f7ca8d9--quiz_game--.bin,100.0,True
0.4.25--0xf01d7939441a3b1b108c70a28dcd99c6a98ad4b4--PRTL--.bin,91.30434782608695,False
0.4.25--0xf0fEA813AF6F29d954DBa90C37bF0906b6dE8390--MSD11--.bin,0,False
0.4.25--0xf1621a55894103db1f96f22c452e8d06d56bc42c--Goldglp--.bin,100.0,True
0.4.25--0xf1b7345ec9a8723cc1a655c35214c9e55bb14e50--CCH_Form--.bin,49.275362318840585,True
0.4.25--0xf211128cc6d925a3a328647cf78b322b51429c53--F2m--.bin,66.66666666666666,False
0.4.25--0xf23dfaba45a9fb74dd18a22fd381befcbfd31b71--CRYPTOBUX--.bin,86.95652173913044,False
0.4.25--0xf272fb519aed5e92a06a90426336f378423718e5--TokenERC20--.bin,75.0,False
0.4.25--0xf3d6c987db22b043d83fded84da4e24e53824298--EPTToken--.bin,92.85714285714286,False
0.4.25--0xf4961c0b395f19f0f27cc68ed2a97a75953a24d8--KeyHolderLibrary--.bin,0,False
0.4.25--0xf4d9d8f5c75067d3bc050cbe5c7d69c85934b213--Casino--.bin,0,False
0.4.25--0xf51464eaa00473305dac26b4e3199f634bbab962--BroCoin--.bin,95.23809523809523,False
0.4.25--0xf60c19b8166a715e8df320f7738ff54401bbcf48--WALL--.bin,90.0,False
0.4.25--0xf63c5639786e7ce7c35b3d2b97e74bf7af63eeea--Token--.bin,100.0,True
0.4.25--0xf7f7c48419f0debdc0f596a4e5df437b9c2a2c05--PET--.bin,100.0,True
0.4.25--0xf8c58bf50fa5e9f23f03e306a68ea2e7cb7cbc0a--CHEMCHINA_PFIII_I_883--.bin,100.0,True
0.4.25--0xf8edc9cd922d253d4dde05e8aa5084466b99bc36--MyAdvancedToken--.bin,93.33333333333333,False
0.4.25--0xf9a98a8de24923f04c9d21294a7321baa3f44f2e--ERC20Interface--.bin,0,False
0.4.25--0xfade738ba4f704744bdf460ab0c9c40da3b50cf5--ERC20Standard--.bin,100.0,True
0.4.25--0xfc8caa74ca74841590f488108c126af9df1f90b7--Whitelist--.bin,42.857142857142854,True
0.4.25--0xfc90c3dbde060b914a9868d273ab723103d24d09--LKDToken--.bin,100.0,True
0.4.25--0xFcd19faa44224339339264bA2CD5724f8b14F36B--ORO--.bin,92.3076923076923,False
0.4.25--0xfd76b158d0fc0effd9063a8825a07959e79c960f--BurningToken--.bin,95.45454545454545,False
0.4.25--0xfe2b2f134f16d209d7acd92b0b9a628cfded275a--CoinwareToken--.bin,95.23809523809523,False
0.4.25--0xff228d70855458821f9a5980f67b2bc7f60d40a2--YMCCoin--.bin,100.0,True
